Hex,Emoji,Name,Keywords
1F1TU-1F1F2,Ǳ🇲,"မြန်မာနိုင်ငံအလံ","မြန်မာ, အလံ, ဗမာ, ပြည်ထောင်စု"
1F308,🌈,"သက်တံ","လှ, သက်တံ, အရောင်"
1F30A,🌊,"လှိုင်းလုံး","ရေ, ပင်လယ်"
1F30B,🌋,"မီးတောင်","မီးတောင်, ပူ"
1F30D,🌍,"ကမ္ဘာမြေ","ကမ္ဘာ, မြေပုံ"
1F310,🌐,"လောင်ဂျီတွဒ်နှင့်လတ္တီတွဒ်ပါသောကမ္ဘာ","ကမ္ဘာ, အင်တာနက်, ကွန်ရက်"
1F319,🌙,"လခြမ်း","ည, လ"
1F31D,🌝,"လပြည့်ည","လ, ည, လပြည့်"
1F31E,🌞,"နေမင်းကြီး","နေ, ပူ, အလင်း"
1F31F,🌟,"တောက်ပနေသောကြယ်","ကြယ်, လှ, တောက်ပ, လင်း"
1F324,🌤️,"နေသာသောတိမ်","နေ, တိမ်"
1F327,🌧️,"မိုးရွာခြင်း","မိုး, အေး"
1F328,🌨️,"နှင်းကျခြင်း","နှင်း, အေး"
1F329,🌩️,"မိုးကြိုးပစ်ခြင်း","မိုး, ကြောက်စရာ"
1F32A,🌪️,"လေဆင်နှာမောင်း","လေ, ကြောက်စရာ"
1F32B,🌫️,"မြူနှင်း","အေး, ဝေဝါး"
1F32E,taco,"တာကို","တာကို, မုန့်, အစားအစာ"
1F32F,burrito,"ဘူရီတို","ဘူရီတို, မုန့်, အစားအစာ"
1F332,🌲,"ထင်းရှူးပင်","သစ်ပင်, တော"
1F334,🌴,"အုန်းပင်","သစ်ပင်, ကမ်းခြေ"
1F335,🌵,"ရှားစောင်းလက်ပတ်","ရှားစောင်း, အပင်"
1F337,🌷,"ကျူးလစ်ပန်း","ပန်း, လှ"
1F338,🌸,"ချယ်ရီပန်း","ပန်း, လှ, ချယ်ရီ"
1F339,🌹,"နှင်းဆီပန်း","ပန်း, နှင်းဆီ, ချစ်, အနီရောင်"
1F33B,🌻,"နေကြာပန်း","ပန်း, နေကြာ"
1F33C,🌼,"ပန်းဝါ","ပန်း, လှ"
1F33F,🌿,"သစ်ရွက်ကလေး","သစ်ရွက်, အစိမ်း, သဘာဝ"
1F340,🍀,"လေးရွက်မြက်","မြက်, ကံကောင်း"
1F341,🍁,"သစ်ရွက်ကြွေ","သစ်ရွက်, ဆောင်းဦး, သဘာဝ"
1F343,🍃,"လေထဲကသစ်ရွက်","သစ်ရွက်, သဘာဝ"
1F344,🍄,"မှို","မှို, စားစရာ"
1F344-200D-1F7EB,🍄‍🟫,"မှိုညို","မှို, အသီးအရွက်"
1F349,🍉,"ဖရဲသီး","သစ်သီး, ဖရဲသီး, စား"
1F34C,🍌,"ငှက်ပျောသီး","သစ်သီး, ငှက်ပျော, စား"
1F34D,🍍,"နာနတ်သီး","သစ်သီး, နာနတ်သီး, စား"
1F34E,🍎,"ပန်းသီးအနီ","သစ်သီး, ပန်းသီး, စား"
1F353,🍓,"စတော်ဘယ်ရီ","သစ်သီး, စတော်ဘယ်ရီ, စား"
1F354,🍔,"ဟမ်ဘာဂါ","မုန့်, စား, အစားအစာ"
1F355,🍕,"ပီဇာ","မုန့်, စား, အစားအစာ"
1F356,🍖,"အရိုးပါသောအသား","အသား, အရိုး, ကင်"
1F357,🍗,"ကြက်ပေါင်","ကြက်သား, ကြက်ပေါင်, အသား"
1F358,🍘,"ဆန်မုန့်ခြောက်","ဆန်မုန့်, သရေစာ"
1F359,🍙,"ထမင်းဆုပ်","ထမင်းဆုပ်, ဂျပန်, အစားအစာ"
1F35A,🍚,"ထမင်း","ထမင်း, စား, အစားအစာ"
1F35B,🍛,"ကာရီထမင်း","ဟင်း, ထမင်း, ကာရီ"
1F35C,🍜,"ခေါက်ဆွဲ","ခေါက်ဆွဲ, စား, အစားအစာ"
1F35D,🍝,"စပါဂက်တီ","ခေါက်ဆွဲ, စပါဂက်တီ, အစားအစာ"
1F35E,🍞,"ပေါင်မုန့်","ပေါင်မုန့်, မုန့်, အစားအစာ"
1F35F,🍟,"အာလူးကြော်","မုန့်, စား, အစားအစာ"
1F360,🍠,"ကန်စွန်းဥဖုတ်","ကန်စွန်းဥ, အစားအစာ"
1F361,🍡,"ဒန်ဂိုမုန့်","မုန့်, ဂျပန်မုန့်, သရေစာ"
1F363,🍣,"ဆူရှီ","ဆူရှီ, ဂျပန်, စား"
1F366,🍦,"ရေခဲမုန့်","အချို, အအေး, စား"
1F367,ice,"ရေခဲခြစ်","ရေခဲမုန့်, ရေခဲခြစ်, အချို"
1F368,cream,"ရေခဲမုန့်ခွက်","ရေခဲမုန့်, အချို"
1F369,donut,"ဒိုးနတ်","ဒိုးနတ်, မုန့်, အချို"
1F36A,cookie,"ကွတ်ကီး","ကွတ်ကီး, မုန့်, သရေစာ"
1F36B,bar,"ချောကလက်","ချောကလက်, အချို, သရေစာ"
1F36C,candy,"ချိုချဉ်","ချိုချဉ်, အချို, သရေစာ"
1F36D,🍭,"ချိုချဉ်","ချို, မုန့်, စား"
1F370,🍰,"ကိတ်မုန့်","မုန့်, ချို, စား"
1F371,🍱,"ဘင်တိုဘူး","ထမင်းဘူး, ဘင်တို, ဂျပန်"
1F372,🍲,"ဟင်းအိုး","ဟင်း, စား, အစားအစာ"
1F373,🍳,"ဟင်းချက်ခြင်း","ဟင်းချက်, ကြော်, ဥကြော်"
1F375,🍵,"လက်ဖက်ရည်ကြမ်း","သောက်, လက်ဖက်ရည်"
1F376,🍶,"ဆာကေး","သောက်, အရက်"
1F377,🍷,"ဝိုင်","သောက်, အရက်"
1F378,🍸,"ကော့တေး","သောက်, အရက်"
1F379,🍹,"အဖျော်ယမကာ","သောက်, အအေး"1F412,🐒,"မျောက်"
1F37A,🍺,"ဘီယာ","ဘီယာ, သောက်, အရက်"
1F37B,🍻,"ဘီယာခွက်ချင်းတိုက်ခြင်း","ဘီယာ, ပွဲ, သောက်, အောင်ပွဲ"
1F37C,bottle,"နို့ဘူး","နို့ဘူး, ကလေး, သောက်စရာ"
1F37E,cork,"ရှန်ပိန်ပုလင်း","ရှန်ပိန်, အရက်, သောက်စရာ"
1F37F,popcorn,"ပြောင်းဖူးပေါက်ပေါက်","ပြောင်းဖူးပေါက်ပေါက်, သရေစာ"
1F381,🎁,"လက်ဆောင်","လက်ဆောင်, ပေး, ပွဲ"
1F382,🎂,"မွေးနေ့ကိတ်","ကိတ်, မွေးနေ့, စား"
1F384,🎄,"ခရစ္စမတ်သစ်ပင်","ခရစ္စမတ်, ပွဲ, သစ်ပင်"
1F386,🎆,"မီးရှူးမီးပန်း","ပွဲ, လှ, မီးရှူး"
1F388,🎈,"ပူဖောင်း","ပူဖောင်း, ပွဲ, ကလေး"
1F389,🎉,"ပါတီ","ပျော်, ပွဲ, အောင်ပွဲ"
1F3A4,🎤,"မိုက်ခရိုဖုန်း","သီချင်း, ဆို, မိုက်"
1F3A8,🎨,"ဆေးရောင်ခြယ်ဗန်း","ဆေးရောင်ခြယ်, အနုပညာ, ပန်းချီ"
1F3AE,🎮,"ဂိမ်းစက်","ဂိမ်း, ဆော့, ပျော်"
1F3B5,🎵,"ဂီတသင်္ကေတ","သီချင်း, ဂီတ, နားထောင်"
1F3B8,🎸,"ဂစ်တာ","ဂစ်တာ, တီးလုံး, ဂီတ"
1F3C0,🏀,"ဘတ်စကတ်ဘော","ဘောလုံး, ကစား, အားကစား"
1F3C2,🏂,"နှင်းလျှောစီးခြင်း","နှင်း, အားကစား, အေး"
1F3C6,🏆,"ဆုဖလား","နိုင်, အောင်ပွဲ, ဆု"
1F3CA,🏊,"ရေကူးခြင်း","ရေကူး, အားကစား, ရေ"
1F3D4,🏔,"နှင်းဖုံးနေသောတောင်များ","တောင်, နှင်း, အေး"
1F3D6,🏖️,"ကမ်းခြေ","ပင်လယ်, သဲသောင်, ခရီး"
1F3D7,🏗️,"ဆောက်လုပ်ရေး","အလုပ်, တည်ဆောက်"
1F3D8,🏘️,"အိမ်များ","အိမ်, မြို့"
1F3D9,🏙️,"မြို့ပြရှုခင်း","မြို့, တိုက်"
1F3DB,🏛️,"ဂန္ထဝင်အဆောက်အအုံ","ပြတိုက်, အနုပညာ"
1F3DE,🏞️,"အမျိုးသားဥယျာဉ်","သဘာဝ, ရှုခင်း"
1F3DF,🏟️,"အားကစားကွင်း","ဘောလုံး, ပွဲ"
1F3E0,🏠,"အိမ်","အိမ်, နေ, မိသားစု"
1F3E1,🏡,"အိမ်ကလေး","အိမ်, နေ, မိသားစု"
1F3E2,🏢,"ရုံးခန်း","အလုပ်, တိုက်"
1F3E3,🏣,"စာတိုက်","စာ, ပစ္စည်း"
1F3E5,🏥,"ဆေးရုံ","နေမကောင်း, ဆရာဝန်"
1F3E6,🏦,"ဘဏ်","ပိုက်ဆံ, ငွေ"
1F3E8,🏨,"ဟိုတယ်","ခရီး, တည်းခို"
1F3EA,🏪,"စတိုးဆိုင်","ဈေး, ဝယ်"
1F3EB,🏫,"ကျောင်း","ပညာရေး, စာဖတ်"
1F3EC,🏬,"ကုန်တိုက်","ဈေး, ဝယ်"
1F3EF,🏰,"ရဲတိုက်","နန်းတော်, လှ"
1F3F0,🏯,"ဂျပန်ရဲတိုက်","နန်းတော်, ခရီး"
1F3F4-200D-2620-FE0F,🏴‍☠️,"ပင်လယ်ဓားပြအလံ","အလံ, ပင်လယ်ဓားပြ, ကြောက်"
1F400,🐀,"ကြွက်ကြီး","ကြွက်, ကြွက်ကြီး, တိရစ္ဆာန်"
1F401,🐁,"ကြွက်","ကြွက်, တိရစ္ဆာန်"
1F402,🐂,"နွားလား","နွား, တိရစ္ဆာန်"
1F403,🐃,"ကျွဲ","ကျွဲ, တိရစ္ဆာန်"
1F404,🐄,"နွား","နွား, နွားမ, တိရစ္ဆာန်"
1F405,🐅,"ကျား","ကျား, တိရစ္ဆာန်, တောရိုင်း"
1F406,🐆,"ကျားသစ်","ကျားသစ်, တိရစ္ဆာန်, သစ်ကျား"
1F407,🐇,"ယုန်","ယုန်, တိရစ္ဆာန်, ချစ်စရာ"
1F408,🐈,"ကြောင်","ကြောင်, တိရစ္ဆာန်, အိမ်မွေးတိရစ္ဆာန်"
1F408-200D-2B1B,🐈‍⬛,"ကြောင်နက်","ကြောင်, အမည်း, တိရစ္ဆာန်"
1F40D,🐍,"မြွေ","မြွေ, တိရစ္ဆာန်, ကြောက်စရာ"
1F40E,🐎,"မြင်း","မြင်း, အပြေး, တိရစ္ဆာန်"
1F40F,🐏,"သိုးထီး","သိုး, သိုးထီး, တိရစ္ဆာန်"
1F410,🐐,"ဆိတ်","ဆိတ်, တိရစ္ဆာန်"
1F411,🐑,"သိုးမ","သိုး, သိုးမ, တိရစ္ဆာန်"
1F412,🐒,"မျောက်","မျောက်, တိရစ္ဆာန်"
1F415,🐕,"ခွေး","ခွေး, တိရစ္ဆာန်, အိမ်မွေးတိရစ္ဆာန်"
1F415-200D-1F9BA,🐕‍🦺,"ဝန်ဆောင်မှုပေးသောခွေး","ခွေး, အကူအညီ, ဝန်ဆောင်မှု"
1F416,🐖,"ဝက်","ဝက်, တိရစ္ဆာန်"
1F417,🐗,"တောဝက်","ဝက်, တိရစ္ဆာန်"
1F418,🐘,"ဆင်","ဆင်, တိရစ္ဆာန်, ကြီး"
1F419,🐙,"ရေဘဝဲ","ရေဘဝဲ, ပင်လယ်, စားစရာ"
1F41B,🐛,"ပိုးကောင်","ပိုးကောင်, အင်းဆက်"
1F41D,🐝,"ပျား","ပျား, အင်းဆက်, ချို"
1F422,🐢,"လိပ်","လိပ်, တိရစ္ဆာန်, နှေး"
1F428,🐨,"ကိုအာလာ","ကိုအာလာ, တိရစ္ဆာန်"
1F429,🐩,"ပူးဒယ်ခွေး","ခွေး, ပူးဒယ်, အလှ"
1F42A,🐪,"ကုလားအုပ်","ကုလားအုပ်, တိရစ္ဆာန်, သဲကန္တာရ"
1F42B,🐫,"ကုလားအုပ် (ကျောကုန်းနှစ်ခု)","ကုလားအုပ်, တိရစ္ဆာန်, သဲကန္တာရ"
1F42D,🐭,"ကြွက်ကလေး","ကြွက်, တိရစ္ဆာန်"
1F42E,🐮,"နွားကလေး","နွား, တိရစ္ဆာန်"
1F42F,🐯,"ကျားကလေး","ကျား, တိရစ္ဆာန်, ကြောက်စရာ"
1F430,🐰,"ယုန်ကလေး","ယုန်, တိရစ္ဆာန်, ချစ်စရာ"
1F431,🐱,"ကြောင်ကလေး","ကြောင်, တိရစ္ဆာန်, ချစ်စရာ"
1F432,🐲,"နဂါးမျက်နှာ","နဂါး, ပုံပြင်"
1F434,🐴,"မြင်းကလေး","မြင်း, တိရစ္ဆာန်"
1F435,🐵,"မျောက်ကလေး","မျောက်, တိရစ္ဆာန်, ဆော့"
1F436,🐶,"ခွေးကလေး","ခွေး, တိရစ္ဆာန်, ချစ်စရာ"
1F437,🐷,"ဝက်ကလေး","ဝက်, တိရစ္ဆာန်"
1F438,🐸,"ဖားမျက်နှာ","ဖား, တိရစ္ဆာန်"
1F439,🐹,"ဟမ်းစတား","ကြွက်, တိရစ္ဆာန်, ချစ်စရာ"
1F43A,🐺,"ဝံပုလွေ","ဝံပုလွေ, တိရစ္ဆာန်, ကြောက်စရာ"
1F43B,🐻,"ဝက်ဝံ","ဝက်ဝံ, တိရစ္ဆာန်"
1F43B-200D-2744-FE0F,🐻‍❄️,"ဝင်ရိုးစွန်းဝက်ဝံ","ဝက်ဝံ, ဝင်ရိုးစွန်း, အဖြူ"
1F43C,🐼,"ပန်ဒါ","ပန်ဒါ, တိရစ္ဆာန်, ချစ်စရာ"
1F43F-FE0F,🐿️,"ရှဉ့်","ရှဉ့်, တိရစ္ဆာန်"
1F440,👀,"မျက်လုံးများ","ကြည့်, မြင်, စောင့်ကြည့်"
1F441-FE0F,👁️,"မျက်လုံး","ကြည့်, မြင်"
1F442,👂,"နား","နားထောင်, ကြား"
1F443,👃,"နှာခေါင်း","အနံ့, ရှူ"
1F444,👄,"ပါးစပ်","စကားပြော, စား"
1F445,👅,"လျှာ","စား, လျက်, ပြောင်"
1F446,👆,"အပေါ်သို့ညွှန်သောလက်","အပေါ်, ကြည့်"
1F447,👇,"အောက်သို့ညွှန်သောလက်","အောက်, ကြည့်"
1F448,👈,"ဘယ်ဘက်သို့ညွှန်သောလက်","ဘယ်, ဟိုဘက်"
1F449,👉,"ညာဘက်သို့ညွှန်သောလက်","ညာ, ဒီဘက်, ဟိုဘက်"
1F44A,👊,"လက်သီးထိုးခြင်း","ထိုး, ရိုက်, အား"
1F44B,👋,"လက်ပြခြင်း","နှုတ်ဆက်, ဟယ်လို, တာတာ"
1F44C,👌,"အိုကေလက်ဟန်","ကောင်းပြီ, ရတယ်, အိုကေ"
1F44D,👍,"လက်မထောင်ခြင်း","ကောင်း, ကြိုက်, အိုကေ, လက်မ, ထောက်ခံ"
1F44E,👎,"လက်မချခြင်း","မကြိုက်, မကောင်း, ကန့်ကွက်"
1F44F,👏,"လက်ခုပ်တီးခြင်း","လက်ခုပ်, ဂုဏ်ပြု, ချီးကျူး"
1F450,👐,"လက်နှစ်ဖက်ဖြန့်ခြင်း","ပွေ့ဖက်, ကမ်းလှမ်း"
1F466,👦,"ယောက်ျားလေး","သား, ငယ်ရွယ်"
1F467,👧,"မိန်းကလေး","သမီး, ငယ်ရွယ်"
1F468,👨,"ယောက်ျား","အမျိုးသား, ဖခင်"
1F469,👩,"မိန်းမ","အမျိုးသမီး, မိခင်"
1F474,👴,"အဘိုး","သက်ကြီးရွယ်အို, အဘိုး"
1F475,👵,"အဘွား","သက်ကြီးရွယ်အို, အဘွား"
1F476,👶,"ကလေးငယ်","ရင်သွေး, ချစ်စရာ, မွေးဖွား"
1F481,💁,"သတင်းပေးသူ","ဒီမှာပါ, ကြည့်ပါ"
1F485,💅,"လက်သည်းနီဆိုးခြင်း","လှပ, ဖက်ရှင်, မိန်းကလေး"
1F493,💓,"ခုန်နေသောနှလုံးသား","ရင်ခုန်, ချစ်, အချစ်"
1F494,💔,"အသည်းကွဲနှလုံးသား","အသည်းကွဲ, ဝမ်းနည်း, စိတ်ပျက်"
1F495,💕,"နှလုံးသားနှစ်ခု","ချစ်, အချစ်, သူငယ်ချင်း"
1F497,💗,"ကြီးထွားနေသောနှလုံးသား","ချစ်, အချစ်, ရင်ခုန်"
1F499,💙,"အပြာရောင်နှလုံးသား","ချစ်, အချစ်, အပြာ"
1F49A,💚,"အစိမ်းရောင်နှလုံးသား","ချစ်, အချစ်, အစိမ်း"
1F49B,💛,"အဝါရောင်နှလုံးသား","ချစ်, အချစ်, အဝါ"
1F49C,💜,"ခရမ်းရောင်နှလုံးသား","ချစ်, အချစ်, ခရမ်း"
1F49E,💞,"လည်ပတ်နေသောနှလုံးသားများ","ချစ်, အချစ်, ပျော်"
1F4A1,💡,"မီးသီး","အလင်း, စိတ်ကူး, ဉာဏ်"
1F4A9,💩,"ချေး","မစင်, ရယ်စရာ, ညစ်ပတ်"
1F4AA,💪,"ကြွက်သား","သန်မာ, အား, အားကစား, ဂျင်, ကျန်းမာ"
1F4AC,💬,"စကားပြောပူဖောင်း","စကား, ပြော, စာ"
1F4B0,💰,"ပိုက်ဆံအိတ်","ပိုက်ဆံ, ချမ်းသာ, ရွှေ"
1F4BB,💻,"လက်ပ်တော့","ကွန်ပျူတာ, အလုပ်, နည်းပညာ"
1F4DA,📚,"စာအုပ်များ","စာအုပ်, စာဖတ်, ပညာရေး"
1F4E6,📦,"ပါဆယ်ထုတ်","ထုတ်ပိုး, ပါဆယ်, ပစ္စည်း"
1F4F1,📱,"မိုဘိုင်းဖုန်း","ဖုန်း, ဆက်သွယ်, မိုဘိုင်း"
1F50D,🔍,"မှန်ဘီလူး","ရှာ, စစ်ဆေး, မှန်ဘီလူး"
1F512,🔒,"သော့ခတ်ခြင်း","သော့, ပိတ်, လုံခြုံ"
1F513,🔓,"သော့ဖွင့်ခြင်း","သော့, ဖွင့်, လွတ်လပ်"
1F525,🔥,"မီးတောက်","မီး, ပူ, လန်း, မိုက်"
1F54B,🕋,"ကာဗာ","အစ္စလာမ်, ဘုရား"
1F595,🖕,"လက်ခလယ်ထောင်ခြင်း","ဆဲ, မရည်မွန်, ဒေါသ"
1F5A4,🖤,"အနက်ရောင်နှလုံးသား","ချစ်, အချစ်, အနက်"
1F600,😀,"ပြုံးနေသော မျက်နှာ","ပြုံး, ပျော်, ရယ်, မျက်နှာ, အပြုံး"
1F601,😁,"သွားလေးဖြဲပြီး ပြုံးနေသောမျက်နှာ","ပြုံး, ရယ်, ပျော်, သွားဖြဲ"
1F602,😂,"ရယ်လွန်းလို့မျက်ရည်ကျခြင်း","ရယ်, မျက်ရည်, ဟားဟား"
1F603,😃,"မျက်လုံးဝိုင်းပြီး ပြုံးနေသောမျက်နှာ","ပြုံး, ပျော်, ရယ်, ဟားဟား"
1F604,😄,"မျက်လုံးလေးမှေးပြီး ပြုံးနေသောမျက်နှာ","ပြုံး, ပျော်, ရယ်, အပြုံး"
1F605,😅,"ချွေးစို့ပြီး ပြုံးနေသောမျက်နှာ","ပြုံး, အားနာ, ရှက်, ချွေး"
1F606,😆,"မျက်လုံးလေးမှိတ်ပြီး ရယ်နေသောမျက်နှာ","ရယ်, ပျော်, ဟားဟား"
1F607,😇,"ကောင်းကင်တမန်မျက်နှာ","ကောင်းကင်တမန်, အပြစ်ကင်း, ရိုးသား, ဘုရား"
1F608,😈,"ပြုံးနေသော မိစ္ဆာမျက်နှာ","နတ်ဆိုး, မိစ္ဆာ, မိုက်, ဆိုး"
1F609,😉,"မျက်စိတစ်ဖက်မှိတ်ပြုံးနေသောမျက်နှာ","မျက်စိမှိတ်, ပြုံး, နောက်"
1F60A,😊,"မျက်လုံးလေးမှေးပြီး ရှက်ပြုံးပြုံးနေသောမျက်နှာ","ပြုံး, ပျော်, ရှက်, ကြည်နူး"
1F60B,😋,"လျှာလေးသပ်ပြီး မြိန်ယှက်နေသောမျက်နှာ","စား, ကောင်း, မြိန်, စားချင်"
1F60C,😌,"စိတ်အေးလက်အေးဖြစ်နေသောမျက်နှာ","အေးဆေး, ကျေနပ်, ငြိမ်းချမ်း"
1F60D,😍,"နှလုံးသားမျက်လုံးဖြင့် ပြုံးနေသောမျက်နှာ","ချစ်, ကြိုက်, အချစ်, လှ, နှစ်သက်"
1F60E,😎,"နေကာမျက်မှန်ဖြင့် ပြုံးနေသောမျက်နှာ","မိုက်, စတိုင်, မျက်မှန်, နေကာ"
1F60F,😏,"ခပ်ချေချေပြုံးနေသောမျက်နှာ","ချေ, မိုက်, နောက်"
1F610,😐,"ဘာမှမပြောချင်သော မျက်နှာ","ဘာမှမပြော, ငြိမ်, စိတ်ပျက်"
1F611,😑,"မျက်လုံးလေးမှေးပြီး ကြည့်နေသောမျက်နှာ","ကြည့်, စိတ်ပျက်, ငြီးငွေ့"
1F612,😒,"မကျေမနပ်ဖြစ်နေသောမျက်နှာ","မကျေနပ်, စိတ်ပျက်, ငြီးငွေ့"
1F614,😔,"ဝမ်းနည်းနေသောမျက်နှာ","ဝမ်းနည်း, စိတ်မကောင်း, အားငယ်"
1F617,😗,"နှုတ်ခမ်းစူနေသောမျက်နှာ","နမ်း, အနမ်း, စူ"
1F618,😘,"အနမ်းပေးနေသောမျက်နှာ","နမ်း, အနမ်း, ချစ်, အချစ်, အသည်း"
1F619,😙,"ပြုံးပြီး နမ်းနေသောမျက်နှာ","နမ်း, အနမ်း, ချစ်"
1F61A,😚,"မျက်လုံးမှိတ်ပြီး နမ်းနေသောမျက်နှာ","နမ်း, အနမ်း, ချစ်"
1F61B,😛,"လျှာထုတ်နေသောမျက်နှာ","လျှာထုတ်, နောက်, ပြောင်"
1F61C,😜,"မျက်စိတစ်ဖက်မှိတ်ပြီး လျှာထုတ်နေသောမျက်နှာ","နောက်, ပြောင်, လျှာထုတ်"
1F61D,😝,"မျက်လုံးမှိတ်ပြီး လျှာထုတ်နေသောမျက်နှာ","နောက်, ပြောင်, လျှာထုတ်"
1F620,😠,"စိတ်ဆိုးနေသောမျက်နှာ","စိတ်ဆိုး, ဒေါသ, မကျေနပ်"
1F621,😡,"အလွန်အမင်း ဒေါသထွက်နေသောမျက်နှာ","ဒေါသ, စိတ်ဆိုး, ရန်ဖြစ်"
1F622,😢,"မျက်ရည်တစ်ပေါက်ကျနေသောမျက်နှာ","ငို, ဝမ်းနည်း, မျက်ရည်"
1F62A,😪,"အိပ်ငိုက်နေသောမျက်နှာ","အိပ်ငိုက်, ပင်ပန်း, သမ်း"
1F62C,😬,"သွားဖြဲနေသောမျက်နှာ","ကြောက်, ရှက်, အားနာ"
1F62D,😭,"အော်ငိုနေသောမျက်နှာ","ငို, ဝမ်းနည်း, စိတ်မကောင်း, မျက်ရည်"
1F62E-200D-1F4A8,😮‍💨,"သက်ပြင်းချနေသောမျက်နှာ","သက်ပြင်း, ပင်ပန်း, စိတ်ညစ်"
1F634,😴,"အိပ်ပျော်နေသောမျက်နှာ","အိပ်, အိပ်ပျော်, ပင်ပန်း"
1F636,😶,"ပါးစပ်မပါသောမျက်နှာ","ဘာမှမပြော, ငြိမ်, စိတ်ပျက်"
1F636-200D-1F32B-FE0F,😶‍🌫️,"တိမ်ထဲတွင်မျက်နှာ","စိတ်ညစ်, ဝေဝါး, လျှို့ဝှက်"
1F637,😷,"နှာခေါင်းစည်းတပ်ထားသောမျက်နှာ","နှာခေါင်းစည်း, ဖျား, နေမကောင်း, Mask"
1F638,😸,"ပြုံးနေသောကြောင်","ကြောင်, ပျော်, ရယ်"
1F639,😹,"ရယ်လွန်း၍မျက်ရည်ကျနေသောကြောင်","ကြောင်, ရယ်, မျက်ရည်"
1F63A,😺,"ပြုံးနေသောကြောင်","ကြောင်, ပျော်"
1F63B,😻,"နှလုံးသားမျက်လုံးနှင့်ကြောင်","ကြောင်, ချစ်, အချစ်"
1F63C,😼,"မဲ့ပြုံးပြုံးနေသောကြောင်","ကြောင်, ချေ, မိုက်"
1F63D,😽,"မျက်လုံးမှိတ်ပြီးနမ်းနေသောကြောင်","ကြောင်, နမ်း, ချစ်"
1F63E,😾,"စိတ်ဆိုးနေသောကြောင်","ကြောင်, စိတ်ဆိုး, ဒေါသ"
1F63F,😿,"ဝမ်းနည်းနေသောကြောင်","ကြောင်, ငို, မျက်ရည်"
1F640,🙀,"ထိတ်လန့်နေသောကြောင်","ကြောင်, ကြောက်, အံ့ဩ"
1F642,🙂,"အနည်းငယ်ပြုံးနေသောမျက်နှာ","ပြုံး, အေးဆေး, အိုကေ"
1F642-200D-2194-FE0F,🙂‍↔️,"ခေါင်းခါခြင်း","မဟုတ်, မလုပ်, ငြင်း"
1F642-200D-2195-FE0F,🙂‍↕️,"ခေါင်းညိတ်ခြင်း","အင်း, ဟုတ်, သဘောတူ"
1F643,🙃,"ပြောင်းပြန်မျက်နှာ","ပြောင်းပြန်, နောက်, ရယ်စရာ"
1F644,🙄,"မျက်လုံးလှန်ကြည့်နေသောမျက်နှာ","စိတ်ပျက်, ငြီးငွေ့, အပိုတွေ"
1F645,🙅,"လက်ဟန့်တားသူ","မဟုတ်, မရ"
1F646,🙆,"လက်နှစ်ဖက်ခေါင်းပေါ်တင်ထားသူ","အိုကေ, ဟုတ်"
1F647,🙇,"ဦးညွှတ်သူ","တောင်းပန်, လေးစား"
1F648,🙈,"မျက်လုံးပိတ်ထားသောမျောက်","မကြည့်, ရှက်, မျောက်"
1F649,🙉,"နားပိတ်ထားသောမျောက်","မကြား, မျောက်"
1F64A,🙊,"ပါးစပ်ပိတ်ထားသောမျောက်","မပြော, မျောက်"
1F64B,🙋,"လက်ထောင်သူ","ကျွန်တော်, ကျွန်မ, မေးခွန်း"
1F64C,🙌,"လက်နှစ်ဖက်မြှောက်ခြင်း","ပျော်, အောင်ပွဲ, ဘုရား"
1F64D,🙍,"မျက်နှာပျက်နေသူ","ဝမ်းနည်း, စိတ်ပျက်"
1F64E,🙎,"နှုတ်ခမ်းစူနေသူ","မကျေနပ်, စိတ်ဆိုး"
1F64F,🙏,"လက်အုပ်ချီခြင်း","ရှိခိုး, ဆုတောင်း, ကျေးဇူးတင်, ဘုရား, တောင်းပန်"
1F680,🚀,"ဒုံးပျံ","အာကာသ, မြန်"
1F681,🚁,"ဟယ်လီကော်ပတာ","ပျံ, ကယ်ဆယ်"
1F68C,🚌,"ဘတ်စ်ကား","ကား, လိုင်းကား"
1F691,🚑,"လူနာတင်ကား","ဆေးရုံ, ကယ်ဆယ်"
1F692,🚒,"မီးသတ်ကား","မီး, ကယ်ဆယ်"
1F695,🚕,"တက္ကစီ","ကား, ငှား"
1F697,🚗,"ကား","ကား, ခရီးသွား, မော်တော်ကား"
1F69A,🚚,"ကုန်တင်ကား","ပစ္စည်း, သယ်"
1F6A2,🚢,"သင်္ဘော","ရေ, ပင်လယ်"
1F6A8,🚨,"ရဲကားမီး","ရဲ, သတိ"
1F6B2,🚲,"စက်ဘီး","စက်ဘီး, အားကစား"
1F6EB,🛫,"လေယာဉ်ပျံတက်ခြင်း","လေယာဉ်, ပျံ, ခရီး"
1F6F0,🛰️,"ဂြိုဟ်တု","အာကာသ, နည်းပညာ"
1F6F4,🛴,"စကူတာ","ဆော့, ပျော်"
1F6F5,🛵,"မော်တော်ဆိုင်ကယ်","ဆိုင်ကယ်, သွား"
1F7E2,🟢,"အစိမ်းရောင်စက်ဝိုင်း","အစိမ်း, အဝိုင်း, အိုကေ"
1F7E5,🟥,"အနီရောင်စတုရန်း","အနီ, လေးထောင့်, မှား"
1F90C,🤌,"လက်ချောင်းကလေးများစုထားခြင်း","ဘာလဲ, အီတလီ, စားကောင်း"
1F90D,🤍,"အဖြူရောင်နှလုံးသား","ချစ်, အချစ်, အဖြူ"
1F90E,🤎,"အညိုရောင်နှလုံးသား","ချစ်, အချစ်, အညို"
1F90F,🤏,"လက်ဖြင့်အနည်းငယ်ဟုပြခြင်း","နည်းနည်း, သေးသေး"
1F910,🤐,"ပါးစပ်ကို ဇစ်ပိတ်ထားသောမျက်နှာ","တိတ်တိတ်, မပြော, လျှို့ဝှက်"
1F911,🤑,"ပိုက်ဆံမျက်လုံးနှင့်မျက်နှာ","ပိုက်ဆံ, ချမ်းသာ, လောဘ"
1F912,🤒,"အဖျားတိုင်းနေသောမျက်နှာ","ဖျား, နေမကောင်း, ဖျားနာ"
1F914,🤔,"စဉ်းစားနေသောမျက်နှာ","စဉ်းစား, တွေး, ဘာလဲ"
1F915,🤕,"ခေါင်းစီးထားသောမျက်နှာ","ဒဏ်ရာ, နာ, နေမကောင်း"
1F917,🤗,"ပွေ့ဖက်နေသောမျက်နှာ","ဖက်, ပွေ့ဖက်, ချစ်, ခင်"
1F918,🤘,"ရော့ခ်လက်ဟန်","မိုက်, လန်း, ရော့ခ်"
1F919,🤙,"ဖုန်းဆက်ပါလက်ဟန်","ဖုန်းဆက်, အေးဆေး"
1F91A,🤚,"လက်ဖမိုးထောင်ခြင်း","ဟန့်, တား, လက်"
1F91B,🤛,"ဘယ်ဘက်လက်သီး","တိုက်ခိုက်, အား"
1F91C,🤜,"ညာဘက်လက်သီး","တိုက်ခိုက်, အား"
1F91D,🤝,"လက်ဆွဲနှုတ်ဆက်ခြင်း","သဘောတူ, မိတ်ဆွေ, သူငယ်ချင်း"
1F91E,🤞,"လက်ချောင်းကလေးများယှက်ခြင်း","ကံကောင်းပါစေ, ဆုတောင်း"
1F91F,🤟,"ချစ်ခြင်းလက်ဟန်","ချစ်တယ်, အချစ်"
1F922,🤢,"အော့အန်ချင်နေသောမျက်နှာ","အန်, နေမကောင်း, ရွံ"
1F923,🤣,"ကြမ်းပြင်ပေါ်လူးလှိမ့်ပြီး ရယ်နေခြင်း","ရယ်, ရယ်စရာ, ဟားဟား, လူးလှိမ့်"
1F924,🤤,"သွားရည်ကျနေသောမျက်နှာ","စားချင်, ကြိုက်, အီ"
1F925,🤥,"နှာခေါင်းရှည်နေသောမျက်နှာ","လိမ်, မဟုတ်တာပြော"
1F926,🤦,"မျက်နှာကိုလက်ဖြင့်အုပ်ထားသူ","စိတ်ပျက်, အံ့ဩ"
1F927,🤧,"နှာချေနေသောမျက်နှာ","နှာချေ, ဖျား, အအေးမိ"
1F928,🤨,"မျက်ခုံးပင့်ပြီး သံသယဖြင့်ကြည့်နေသောမျက်နှာ","သံသယ, ဘာလဲ, ဟုတ်လို့လား"
1F929,🤩,"မျက်လုံးထဲတွင် ကြယ်ပါသောမျက်နှာ","မိုက်, အံ့ဩ, ကြိုက်, လန်း"
1F92A,🤪,"မျက်လုံးစွေပြီး လျှာထုတ်နေသောမျက်နှာ","ရူး, နောက်, ပြောင်, ကြောင်"
1F92B,🤫,"တိတ်တိတ်နေရန် အချက်ပြသောမျက်နှာ","တိတ်တိတ်, ငြိမ်, လျှို့ဝှက်"
1F92D,🤭,"လက်ဖြင့် ပါးစပ်ပိတ်ပြီး ရယ်နေသောမျက်နှာ","ရယ်, ရှက်, အံ့ဩ"
1F92E,🤮,"အန်နေသောမျက်နှာ","အန်, ရွံ, နေမကောင်း"
1F932,🤲,"လက်နှစ်ဖက်စုလှန်ခြင်း","ဆုတောင်း, တောင်း"
1F933,🤳,"ဆယ်လ်ဖီရိုက်ခြင်း","ဓာတ်ပုံ, ဖုန်း"
1F937,🤷,"ပုခုံးတွန့်သူ","မသိဘူး, ဘာဖြစ်လဲ"
1F942,glasses,"ဖန်ခွက်ချင်းတိုက်ခြင်း","အောင်ပွဲ, သောက်စရာ, အရက်"
1F943,tumbler,"ဝီစကီဖန်ခွက်","ဝီစကီ, အရက်, သောက်စရာ"
1F953,🥓,"ဘေကွန်","ဝက်သား, ဘေကွန်, အသား"
1F957,🥗,"အသီးအရွက်သုပ်","အသုပ်, အသီးအရွက်, ကျန်းမာရေး"
1F958,🥘,"ဒယ်အိုးဟင်း","ဟင်း, ဒယ်အိုး, အစားအစာ"
1F959,🥙,"အစာသွတ်ပေါင်မုန့်","ပေါင်မုန့်, အစာသွတ်, အစားအစာ"
1F95A,🥚,"ကြက်ဥ","ဥ, ကြက်ဥ, အစားအစာ"
1F95B,milk,"နို့တစ်ဖန်ခွက်","နို့, သောက်စရာ"
1F95E,pancake,"ပန်ကိတ်","ပန်ကိတ်, မုန့်, မနက်စာ"
1F95F,dumpling,"ကော်ပြန့်ထုပ်","ကော်ပြန့်ထုပ်, အစားအစာ"
1F964,straw,"ပိုက်ပါသောခွက်","ဖျော်ရည်, သောက်စရာ"
1F968,🥨,"ပရက်ဇယ်","ပရက်ဇယ်, မုန့်, သရေစာ"
1F969,🥩,"အသားတုံး","အသား, အသားတုံး, အမဲသား"
1F96A,🥪,"ဆန်းဒဝစ်","ဆန်းဒဝစ်, မုန့်, အစားအစာ"
1F96B,🥫,"စည်သွတ်ဘူး","စည်သွတ်ဘူး, အစားအစာ"
1F970,🥰,"နှလုံးသားလေးများဖြင့် ဝန်းရံနေသောမျက်နှာ","ချစ်, အချစ်, ပျော်, ကြည်နူး"
1F972,🥲,"မျက်ရည်ဝိုင်းပြီး ပြုံးနေသောမျက်နှာ","ဝမ်းနည်း, ပျော်, ကြည်နူး"
1F973,🥳,"ပါတီပွဲနွှဲနေသောမျက်နှာ","ပါတီ, ပွဲ, ပျော်, မွေးနေ့"
1F974,🥴,"မူးဝေနေသောမျက်နှာ","မူး, အရက်, ရီဝေ"
1F975,🥵,"ပူလောင်နေသောမျက်နှာ","ပူ, နွေရာသီ, ချွေးထွက်"
1F976,🥶,"အေးခဲနေသောမျက်နှာ","အေး, ဆောင်းရာသီ, တုန်"
1F97A,🥺,"မျက်ရည်ဝိုင်းနေသောမျက်နှာ","ငို, ဝမ်းနည်း, သနား, တောင်းပန်"
1F981,🦁,"ခြင်္သေ့","ခြင်္သေ့, တိရစ္ဆာန်, တောဘုရင်"
1F984,🦄,"ယူနီကွန်းမျက်နှာ","ယူနီကွန်း, ပုံပြင်"
1F987,🦇,"လင်းနို့","လင်းနို့, တိရစ္ဆာန်"
1F98A,🦊,"မြေခွေး","မြေခွေး, တိရစ္ဆာန်"
1F98B,🦋,"လိပ်ပြာ","လိပ်ပြာ, အင်းဆက်, လှ"
1F98C,🦌,"သမင်","သမင်, တိရစ္ဆာန်"
1F98D,🦍,"ဂေါ်ရီလာ","ဂေါ်ရီလာ, တိရစ္ဆာန်, လူဝံ"
1F98F,🦏,"ကြံ့","ကြံ့, တိရစ္ဆာန်"
1F992,🦒,"သစ်ကုလားအုတ်","သစ်ကုလားအုတ်, တိရစ္ဆာန်, ရှည်"
1F993,🦓,"မြင်းကျား","မြင်း, တိရစ္ဆာန်"
1F994,🦔,"ဖြူ","ဖြူ, တိရစ္ဆာန်"
1F999,🦙,"လာမာ","လာမာ, တိရစ္ဆာန်"
1F99B,🦛,"ရေမြင်း","ရေမြင်း, တိရစ္ဆာန်"
1F99D,🦝,"ရက်ကွန်း","ရက်ကွန်း, တိရစ္ဆာန်"
1F9A3,🦣,"မမ္မတ်ဆင်","ဆင်, မမ္မတ်, ရှေးဟောင်း"
1F9A5,🦥,"စလော့","စလော့, ပျင်းရိသောတိရစ္ဆာန်"
1F9A6,🦦,"ဖျံ","ဖျံ, တိရစ္ဆာန်"
1F9A7,🦧,"အိုရန်ဂူတန်","အိုရန်ဂူတန်, တိရစ္ဆာန်, လူဝံ"
1F9A8,🦨,"စကန့်","စကန့်, အနံ့ဆိုးထွက်သောတိရစ္ဆာန်"
1F9AB,🦫,"ဖျံ (ဘီဗာ)","ဖျံ, ဘီဗာ, တိရစ္ဆာန်"
1F9AC,🦬,"နွားရိုင်း","နွားရိုင်း, ဘိုင်ဆွန်, တိရစ္ဆာန်"
1F9AE,🦮,"လမ်းပြခွေး","ခွေး, လမ်းပြ, အကူအညီ"
1F9B4,🦴,"အရိုး","ခန္ဓာကိုယ်, ခွေး"
1F9B5,🦵,"ခြေထောက်","ခန္ဓာကိုယ်, ကန်"
1F9B6,🦶,"ခြေဖဝါး","ခန္ဓာကိုယ်, လမ်းလျှောက်"
1F9B7,🦷,"သွား","သွားဆရာဝန်, စား"
1F9BB,🦻,"နားကြားကိရိယာတပ်ထားသောနား","နားထောင်"
1F9BE,🦾,"စက်ရုပ်လက်","နည်းပညာ, အား"
1F9BF,🦿,"စက်ရုပ်ခြေထောက်","နည်းပညာ, အား"
1F9C3,box,"ဖျော်ရည်ဘူး","ဖျော်ရည်, သောက်စရာ"
1F9C6,🧆,"ဖာလာဖယ်","ဖာလာဖယ်, အစားအစာ"
1F9C9,mate,"မာတေးလက်ဖက်ရည်","လက်ဖက်ရည်, သောက်စရာ"
1F9CF,🧏,"နားမကြားသူ","နားပိတ်, မကြား"
1F9D1,🧑,"လူ","ပုဂ္ဂိုလ်, အရွယ်ရောက်"
1F9D1-200D-1F33E,🧑‍🌾,"တောင်သူ","လယ်သမား, စိုက်ပျိုး"
1F9D1-200D-1F373,🧑‍🍳,"စားဖိုမှူး","ချက်ပြုတ်, အစားအစာ"
1F9D1-200D-1F393,🧑‍🎓,"ကျောင်းသား","ပညာရေး, ဘွဲ့ရ"
1F9D1-200D-1F3A4,🧑‍🎤,"အဆိုတော်","သီချင်း, ဂီတ"
1F9D1-200D-1F3A8,🧑‍🎨,"အနုပညာရှင်","ပန်းချီ, ရုပ်ပုံ"
1F9D1-200D-1F3EB,🧑‍🏫,"ဆရာ","သင်ကြား, ပညာရေး"
1F9D1-200D-1F3ED,🧑‍🏭,"စက်ရုံအလုပ်သမား","အလုပ်, စက်ရုံ"
1F9D1-200D-1F4BB,🧑‍💻,"နည်းပညာရှင်","ကွန်ပျူတာ, အိုင်တီ"
1F9D1-200D-1F4BC,🧑‍💼,"ရုံးဝန်ထမ်း","အလုပ်, ရုံး"
1F9D1-200D-1F527,🧑‍🔧,"စက်ပြင်ဆရာ","ပြင်ဆင်, နည်းပညာ"
1F9D1-200D-1F52C,🧑‍🔬,"သိပ္ပံပညာရှင်","သုတေသန, ပညာ"
1F9D1-200D-1F680,🧑‍🚀,"အကာသယာဉ်မှူး","အကာသ, ကမ္ဘာပြင်ပ"
1F9D1-200D-1F692,🧑‍🚒,"မီးသတ်သမား","မီးသတ်, ကယ်ဆယ်"
1F9D1-200D-2695-FE0F,🧑‍⚕️,"ကျန်းမာရေးဝန်ထမ်း","ဆရာဝန်, နာ့စ်"
1F9D1-200D-2696-FE0F,🧑‍⚖️,"တရားသူကြီး","တရားဥပဒေ, တရားရုံး"
1F9D1-200D-2708-FE0F,🧑‍✈️,"လေယာဉ်မှူး","လေယာဉ်, ခရီးသွား"
1F9D2,🧒,"ကလေး","ငယ်ရွယ်, ကျောင်းသား"
1F9D3,🧓,"သက်ကြီးရွယ်အို","ဘိုးဘွား"
1F9E0,🧠,"ဦးနှောက်","စဉ်းစား, ဉာဏ်, သိ"
1F9E1,🧡,"လိမ္မော်ရောင်နှလုံးသား","ချစ်, အချစ်, လိမ္မော်"
1FA75,🩵,"အပြာနုရောင်နှလုံးသား","ချစ်, အချစ်, အပြာနု"
1FA76,🩶,"မီးခိုးရောင်နှလုံးသား","ချစ်, အချစ်, မီးခိုး"
1FA77,🩷,"ပန်းရောင်နှလုံးသား","ချစ်, ချစ်စရာ, ပန်းရောင်"
1FAC0,🫀,"နှလုံး","ခန္ဓာကိုယ်, ကျန်းမာ"
1FAC1,🫁,"အဆုတ်","အသက်ရှူ, ကျန်းမာ"
1FACE,🫎,"သမင်ကြီး","သမင်ကြီး, တိရစ္ဆာန်, မောက်စ်"
1FACF,🫏,"မြည်း","မြည်း, တိရစ္ဆာန်"
1FAD4,tamale,"တာမာလီ","တာမာလီ, မုန့်, အစားအစာ"
1FAD5,🫕,"ဖွန်ဒူး","ဖွန်ဒူး, ဒိန်ခဲ, အစားအစာ"
1FADA,🫚,"ချင်း","ချင်း, ဟင်းခတ်အမွှေးအကြိုင်, ချက်ပြုတ်"
1FADB,🫛,"ပဲသီး","ပဲသီး, ပဲ, အသီးအရွက်"
1FADC,🫜,"ဥမြစ်ဟင်းသီးဟင်းရွက်","ဥ, အသီးအရွက်"
1FAE0,🫠,"အရည်ပျော်နေသောမျက်နှာ","ပျော်, ပူ, ရှက်, အားနာ"
1FAE1,🫡,"အလေးပြုနေသောမျက်နှာ","အလေးပြု, စစ်သား, လေးစား"
1FAE2,🫢,"မျက်လုံးဝိုင်းပြီး လက်ဖြင့်ပါးစပ်ပိတ်ထားသောမျက်နှာ","အံ့ဩ, ထိတ်လန့်, မယုံ"
1FAE3,🫣,"မျက်လုံးတစ်ဖက်ကို လက်ဖြင့်ကာပြီး ကြည့်နေသောမျက်နှာ","ရှက်, ကြောက်, ချောင်းကြည့်"
1FAE5,🫥,"အစက်အပြောက်များဖြင့်မျက်နှာ","ပျောက်ကွယ်, အထီးကျန်, ဝမ်းနည်း"
1FAE6,🫦,"နှုတ်ခမ်းကိုကိုက်နေခြင်း","ရှက်, ချစ်"
1FAE8,🫨,"တုန်ခါနေသောမျက်နှာ","တုန်, ကြောက်, အံ့ဩ"
1FAF0,🫰,"လက်ချောင်းကလေးများဖြင့် အသည်းပုံလုပ်ခြင်း","ချစ်, အသည်း, ပိုက်ဆံ"
1FAF1,🫱,"ညာဘက်သို့ကမ်းသောလက်","လက်ကမ်း, ပေး"
1FAF2,🫲,"ဘယ်ဘက်သို့ကမ်းသောလက်","လက်ကမ်း, ပေး"
1FAF3,🫳,"လက်ဝါးမှောက်ခြင်း","ချ, ပေး, ထား"
1FAF4,🫴,"လက်ဝါးလှန်ခြင်း","တောင်း, ယူ, ပေး"
1FAF5,🫵,"သင့်ကိုညွှန်နေသောလက်","မင်း, သင်"
1FAF6,🫶,"နှလုံးသားပုံလက်ဟန်","ချစ်, အသည်း, ကြင်နာ"
1FAF7,🫷,"ဘယ်ဘက်သို့တွန်းသောလက်","တွန်း, တား"
1FAF8,🫸,"ညာဘက်သို့တွန်းသောလက်","တွန်း, တား"
231A,⌚,"လက်ပတ်နာရီ","အချိန်, နာရီ"
231B,⌛,"သဲနာရီ","အချိန်, နာရီ"
23F0,⏰,"နှိုးစက်နာရီ","အချိန်, နှိုး"
23F3,⌛,"သဲနာရီ","အချိန်, နာရီ, စောင့်"
2600,☀️,"နေမင်း","နေ, ပူ, အလင်း"
2601,☁️,"တိမ်","တိမ်, မိုး, ကောင်းကင်"
2602,☂️,"ထီး","မိုး, စို"
2614,☔,"ထီးနှင့်မိုးစက်များ","မိုး, စို"
2615,☕,"အအေး/အပူ သောက်စရာ","ကော်ဖီ, လက်ဖက်ရည်, သောက်စရာ"
261D-FE0F,☝️,"လက်ညှိုးထောင်ခြင်း","တစ်ခု, နံပါတ်တစ်, သတိပြု"
263A-FE0F,☺️,"ပြုံးနေသောမျက်နှာ","ပြုံး, ပျော်, ကျေးဇူးတင်"
26A1,⚡,"လျှပ်စီး","မိုး, အန္တရာယ်"
26BD,⚽,"ဘောလုံး","ဘောလုံး, ကစား, အားကစား"
26C4,⛄,"နှင်းလူသား","နှင်း, အေး, ဆောင်း"
26CE,⛎,"ဆယ့်နှစ်ရာသီခွင်","ဗေဒင်, ရာသီ, လ"
26D4,⛔,"မဝင်ရ","တား, မဝင်ရ, ပိတ်"
26E9,⛩️,"ရှင်တိုဘုရားကျောင်း","ဘုရား, ဂျပန်"
26FD,⛽,"ဓာတ်ဆီဆိုင်","ကား, ဆီ"
2705,✅,"အမှန်ခြစ်","မှန်, ပြီး, အိုကေ"
2708,✈️,"လေယာဉ်ပျံ","လေယာဉ်, ခရီး"
270A,✊,"လက်သီးဆုပ်ခြင်း","အားတင်း, တိုက်ပွဲ, နိုင်"
270B,✋,"လက်ဝါးထောင်ခြင်း","လက်, ဟန့်, ငါး"
270C,✌,"အောင်ပွဲလက်ဟန်","အောင်မြင်, နိုင်, နှစ်"
270F,✏,"ခဲတံ","ရေး, ခဲတံ, စာ"
2728,✨,"လက်လက်တောက်ခြင်း","လက်လက်, လှ, အသစ်"
2744,❄️,"နှင်းပွင့်","နှင်း, အေး"
274C,❌,"ကြက်ခြေခတ်","မှား, မဟုတ်, ပိတ်"
2753,❓,"မေးခွန်းသင်္ကေတ","ဘာလဲ, မေး, မသိ"
2757,❗,"အာမေဍိတ်သင်္ကေတ","သတိ, အရေးကြီး, ဟေး"
2764,❤,"အနီရောင် နှလုံးသား","ချစ်, အချစ်, နှလုံး, မေတ္တာ, အသည်း"
2764-FE0F-200D-1F525,❤️‍🔥,"မီးတောက်နေသောနှလုံးသား","ပြင်းပြ, ချစ်, အချစ်"
2764-FE0F-200D-1FA79,❤️‍🩹,"ပတ်တီးစည်းထားသောနှလုံးသား","ကုသ, ဝမ်းနည်း, ပြန်ကောင်း"
27A1,➡,"ညာဘက်မြှား","မြှား, သွား, ညာ"
2B05,⬅,"ဘယ်ဘက်မြှား","မြှား, သွား, ဘယ်"